60836023	https://www.douban.com/people/60836023/
57450203	https://www.douban.com/people/57450203/
121415139	https://www.douban.com/people/121415139/
43366882	https://www.douban.com/people/43366882/
Jeffio	https://www.douban.com/people/Jeffio/
110998748	https://www.douban.com/people/110998748/
34924965	https://www.douban.com/people/34924965/
57609437	https://www.douban.com/people/57609437/
Stacey_R	https://www.douban.com/people/Stacey_R/
57753980	https://www.douban.com/people/57753980/
64362727	https://www.douban.com/people/64362727/
65228858	https://www.douban.com/people/65228858/
70796475	https://www.douban.com/people/70796475/
westmoon	https://www.douban.com/people/westmoon/
stonejulia	https://www.douban.com/people/stonejulia/
67131918	https://www.douban.com/people/67131918/
sybill0922	https://www.douban.com/people/sybill0922/
65545100	https://www.douban.com/people/65545100/
63125822	https://www.douban.com/people/63125822/
55603081	https://www.douban.com/people/55603081/
115835268	https://www.douban.com/people/115835268/
homeless	https://www.douban.com/people/homeless/
94808020	https://www.douban.com/people/94808020/
46591138	https://www.douban.com/people/46591138/
highlands-1118	https://www.douban.com/people/highlands-1118/
137264639	https://www.douban.com/people/137264639/
bubble80	https://www.douban.com/people/bubble80/
zy1997	https://www.douban.com/people/zy1997/
58333199	https://www.douban.com/people/58333199/
2786784	https://www.douban.com/people/2786784/
3622836	https://www.douban.com/people/3622836/
83989642	https://www.douban.com/people/83989642/
72679692	https://www.douban.com/people/72679692/
1792183	https://www.douban.com/people/1792183/
62056954	https://www.douban.com/people/62056954/
sealyhere	https://www.douban.com/people/sealyhere/
54049761	https://www.douban.com/people/54049761/
64544957	https://www.douban.com/people/64544957/
57774995	https://www.douban.com/people/57774995/
superbuding	https://www.douban.com/people/superbuding/
82846358	https://www.douban.com/people/82846358/
49168559	https://www.douban.com/people/49168559/
69454584	https://www.douban.com/people/69454584/
55383324	https://www.douban.com/people/55383324/
46869467	https://www.douban.com/people/46869467/
81202017	https://www.douban.com/people/81202017/
53539981	https://www.douban.com/people/53539981/
48803123	https://www.douban.com/people/48803123/
56377980	https://www.douban.com/people/56377980/
45977101	https://www.douban.com/people/45977101/
54244432	https://www.douban.com/people/54244432/
IFRiT	https://www.douban.com/people/IFRiT/
102174441	https://www.douban.com/people/102174441/
55973236	https://www.douban.com/people/55973236/
36594031	https://www.douban.com/people/36594031/
39235427	https://www.douban.com/people/39235427/
enralphle	https://www.douban.com/people/enralphle/
3373453	https://www.douban.com/people/3373453/
graceq	https://www.douban.com/people/graceq/
52032485	https://www.douban.com/people/52032485/
3673141	https://www.douban.com/people/3673141/
4689314	https://www.douban.com/people/4689314/
9612739	https://www.douban.com/people/9612739/
55630140	https://www.douban.com/people/55630140/
ruila	https://www.douban.com/people/ruila/
77646030	https://www.douban.com/people/77646030/
26322881	https://www.douban.com/people/26322881/
Oyiyu	https://www.douban.com/people/Oyiyu/
chezhevip	https://www.douban.com/people/chezhevip/
71086739	https://www.douban.com/people/71086739/
51073063	https://www.douban.com/people/51073063/
mr-cream	https://www.douban.com/people/mr-cream/
1727019	https://www.douban.com/people/1727019/
131797510	https://www.douban.com/people/131797510/
49045844	https://www.douban.com/people/49045844/
64120057	https://www.douban.com/people/64120057/
14766559	https://www.douban.com/people/14766559/
136822821	https://www.douban.com/people/136822821/
57128191	https://www.douban.com/people/57128191/
58951493	https://www.douban.com/people/58951493/
1485264	https://www.douban.com/people/1485264/
4120123	https://www.douban.com/people/4120123/
popu123	https://www.douban.com/people/popu123/
47042291	https://www.douban.com/people/47042291/
wucy	https://www.douban.com/people/wucy/
133123146	https://www.douban.com/people/133123146/
71511445	https://www.douban.com/people/71511445/
63844169	https://www.douban.com/people/63844169/
42942208	https://www.douban.com/people/42942208/
38184816	https://www.douban.com/people/38184816/
jiaoar	https://www.douban.com/people/jiaoar/
58634782	https://www.douban.com/people/58634782/
61213241	https://www.douban.com/people/61213241/
51179712	https://www.douban.com/people/51179712/
4273555	https://www.douban.com/people/4273555/
110348774	https://www.douban.com/people/110348774/
tarot	https://www.douban.com/people/tarot/
4608314	https://www.douban.com/people/4608314/
rocinante001	https://www.douban.com/people/rocinante001/
120002421	https://www.douban.com/people/120002421/
63723832	https://www.douban.com/people/63723832/
xiaozhu22	https://www.douban.com/people/xiaozhu22/
61877905	https://www.douban.com/people/61877905/
4409231	https://www.douban.com/people/4409231/
93054635	https://www.douban.com/people/93054635/
icy1201	https://www.douban.com/people/icy1201/
44512864	https://www.douban.com/people/44512864/
92185734	https://www.douban.com/people/92185734/
67162797	https://www.douban.com/people/67162797/
April_lullaby	https://www.douban.com/people/April_lullaby/
59131486	https://www.douban.com/people/59131486/
4372566	https://www.douban.com/people/4372566/
3674272	https://www.douban.com/people/3674272/
53055160	https://www.douban.com/people/53055160/
30760270	https://www.douban.com/people/30760270/
3286069	https://www.douban.com/people/3286069/
lesliesunny	https://www.douban.com/people/lesliesunny/
namik_ercan	https://www.douban.com/people/namik_ercan/
46957848	https://www.douban.com/people/46957848/
demonie	https://www.douban.com/people/demonie/
122414064	https://www.douban.com/people/122414064/
sunshinegoogle	https://www.douban.com/people/sunshinegoogle/
36668482	https://www.douban.com/people/36668482/
51469631	https://www.douban.com/people/51469631/
janelle.c	https://www.douban.com/people/janelle.c/
50416541	https://www.douban.com/people/50416541/
57098969	https://www.douban.com/people/57098969/
47153736	https://www.douban.com/people/47153736/
118048428	https://www.douban.com/people/118048428/
salerosa	https://www.douban.com/people/salerosa/
5210477	https://www.douban.com/people/5210477/
50601897	https://www.douban.com/people/50601897/
116980894	https://www.douban.com/people/116980894/
35572198	https://www.douban.com/people/35572198/
lcyellow	https://www.douban.com/people/lcyellow/
poppingxplee	https://www.douban.com/people/poppingxplee/
107111673	https://www.douban.com/people/107111673/
49061922	https://www.douban.com/people/49061922/
62819520	https://www.douban.com/people/62819520/
98933060	https://www.douban.com/people/98933060/
63820159	https://www.douban.com/people/63820159/
domagic	https://www.douban.com/people/domagic/
27968072	https://www.douban.com/people/27968072/
xiaoaben	https://www.douban.com/people/xiaoaben/
68811807	https://www.douban.com/people/68811807/
geniustar	https://www.douban.com/people/geniustar/
150565099	https://www.douban.com/people/150565099/
TheJokerClown	https://www.douban.com/people/TheJokerClown/
Carmenere	https://www.douban.com/people/Carmenere/
joyce_sky	https://www.douban.com/people/joyce_sky/
2679781	https://www.douban.com/people/2679781/
122055783	https://www.douban.com/people/122055783/
Ninky	https://www.douban.com/people/Ninky/
1666669	https://www.douban.com/people/1666669/
51563778	https://www.douban.com/people/51563778/
87829874	https://www.douban.com/people/87829874/
73283486	https://www.douban.com/people/73283486/
KILLERCAN	https://www.douban.com/people/KILLERCAN/
67380268	https://www.douban.com/people/67380268/
celine_q	https://www.douban.com/people/celine_q/
55355707	https://www.douban.com/people/55355707/
102001699	https://www.douban.com/people/102001699/
LynnZe890501	https://www.douban.com/people/LynnZe890501/
84708574	https://www.douban.com/people/84708574/
120720195	https://www.douban.com/people/120720195/
132476609	https://www.douban.com/people/132476609/
50003547	https://www.douban.com/people/50003547/
61806904	https://www.douban.com/people/61806904/
hysun	https://www.douban.com/people/hysun/
3943251	https://www.douban.com/people/3943251/
78699628	https://www.douban.com/people/78699628/
Vita_memories	https://www.douban.com/people/Vita_memories/
Arrietty	https://www.douban.com/people/Arrietty/
summerwolf	https://www.douban.com/people/summerwolf/
127091379	https://www.douban.com/people/127091379/
42133612	https://www.douban.com/people/42133612/
lj90218	https://www.douban.com/people/lj90218/
82717454	https://www.douban.com/people/82717454/
dickyark	https://www.douban.com/people/dickyark/
16743975	https://www.douban.com/people/16743975/
